geoid,name,pctrent30_23,pctowned30_23,class
"25001010100",101,0.5938566553,0.2285911602,
"25001010206",102.06,0.2579617834,0.3645962733,
"25001010208",102.08,0.2573099415,0.2176870748,
"25001010304",103.04,0.2068965517,0.295970696,
"25001010306",103.06,0.5791505792,0.3361629881,
"25001010400",104,0.4577777778,0.2603342128,
"25001010500",105,0.5144230769,0.3844241922,
"25001010600",106,0.5837563452,0.4336592179,
"25001010700",107,0.3905325444,0.2576896787,
"25001010800",108,0.5379310345,0.3033826638,
"25001010900",109,0.5899280576,0.2036745407,
"25001011002",110.02,0.8181818182,0.2962736714,
"25001011100",111,0.2725225225,0.2603143418,
"25001011200",112,0.4857142857,0.343832021,
"25001011300",113,0.2463768116,0.1955193483,
"25001011400",114,0.7137546468,0.2411807055,
"25001011500",115,0.5643776824,0.2247011952,
"25001011600",116,0.380952381,0.4204152249,
"25001011700",117,0.444,0.218710493,
"25001011801",118.01,0.141509434,0.2637362637,
"25001011802",118.02,0.6022727273,0.1549295775,
"25001012001",120.01,0.7753303965,0.2801467217,
"25001012002",120.02,0.6153846154,0.3116232465,
"25001012101",121.01,0.8106995885,0.3374712644,
"25001012102",121.02,0.6611018364,0.3908675799,
"25001012200",122,0.2736318408,0.3639889197,
"25001012502",125.02,0.7298288509,0.3565217391,
"25001012601",126.01,0.9112149533,0.3831242873,
"25001012602",126.02,0.6540948276,0.3142345568,
"25001012700",127,0.5162094763,0.2660069849,
"25001012800",128,0.3715846995,0.338362069,
"25001012900",129,0.1836065574,0.2310126582,
"25001013002",130.02,0.5222222222,0.3528505393,
"25001013100",131,0.6732026144,0.3106159895,
"25001013200",132,0.2736318408,0.2426260704,
"25001013300",133,0.3070175439,0.2962003454,
"25001013400",134,0.288,0.3585526316,
"25001013500",135,0.5769230769,0.2064097673,
"25001013600",136,0.3228070175,0.3243518048,
"25001013700",137,0.3860045147,0.2340574632,
"25001013800",138,0.2914046122,0.2702394527,
"25001013900",139,0.6131907308,0.2892857143,
"25001014002",140.02,0.7919320594,0.1778202677,
"25001014100",141,0.3671875,,
"25001014300",143,0.2573529412,0.1663379356,
"25001014402",144.02,0.3723849372,0.2788990826,
"25001014500",145,0.1609195402,0.2824716267,
"25001014600",146,0.7096774194,0.3566552901,
"25001014700",147,0.4647435897,0.2454545455,
"25001014800",148,0.5462365591,0.2197916667,
"25001014900",149,0.3985102421,0.1926323868,
"25001015001",150.01,0.5581395349,0.3405612245,
"25001015002",150.02,0.4502617801,0.3888888889,
"25001015100",151,0.5946969697,0.2751719825,
"25001015200",152,0.55,0.2427007299,
"25001015300",153,0.512890095,0.3385300668,
"25001990000",9900,,,
"25003900100",9001,0.5010928962,0.09696969697,
"25003900200",9002,0.6097014925,0.1640625,
"25003900300",9003,0.2742316785,0.2266139657,
"25003900400",9004,0.2835365854,0.153742414,
"25003900500",9005,0.6666666667,0.2387096774,
"25003900600",9006,0.4785801714,0.3526170799,
"25003900700",9007,0.4572490706,0.3594771242,
"25003900800",9008,0.9253731343,0.2453271028,
"25003900900",9009,0.5715725806,0.1175496689,
"25003901100",9011,0.7251552795,0.3042688465,
"25003911100",9111,0.4,0.2358490566,
"25003912100",9121,0.362716763,0.2286115007,
"25003913100",9131,0.5321100917,0.2489217498,
"25003914100",9141,0.6163194444,0.2686424474,
"25003920101",9201.01,0.3489278752,0.2604074402,
"25003920102",9201.02,0.7752808989,0.3728571429,
"25003921300",9213,0.6337899543,0.2675544794,
"25003921400",9214,0.4627831715,0.1939953811,
"25003921500",9215,0.5870967742,0.1390804598,
"25003922100",9221,0.5365853659,0.2515060241,
"25003922200",9222,0.6591591592,0.2234589041,
"25003922300",9223,0.33125,0.2890510949,
"25003923100",9231,0.1789473684,0.2721088435,
"25003924100",9241,0.5257142857,0.1976149915,
"25003925101",9251.01,0.4659090909,0.4291044776,
"25003925102",9251.02,0.4865269461,0.2815099168,
"25003926100",9261,0.5131195335,0.3746606335,
"25003931100",9311,0.4909090909,0.1655844156,
"25003931300",9313,0.2666666667,0.1819645733,
"25003931400",9314,0.1875,0.2697466468,
"25003932200",9322,0.1636363636,0.3595800525,
"25003932300",9323,0.4337349398,0.2044728435,
"25003933200",9332,0.5428571429,0.2658227848,
"25003933300",9333,0.3157894737,0.3507340946,
"25003933400",9334,0.3423423423,0.1963377416,
"25003934200",9342,0.3452380952,0.2184154176,
"25003934300",9343,0.2042253521,0.1991017964,
"25003935100",9351,0.5419354839,0.2473867596,
"25003935200",9352,0.4353741497,0.1525330396,
"25003935300",9353,0.5120772947,0.3372465315,
"25005600100",6001,0.5716292135,0.2121212121,
"25005600202",6002.02,0.3595041322,0.3219932918,
"25005600203",6002.03,0.6637681159,0.259337191,
"25005600204",6002.04,0.6812080537,0.1784160139,
"25005610100",6101,0.409009009,0.3154761905,
"25005610202",6102.02,0.3666666667,0.08870967742,
"25005610203",6102.03,0.3538461538,0.1632841328,
"25005610204",6102.04,0.2653758542,0.1397006415,
"25005611101",6111.01,0.2944038929,0.259309411,
"25005611102",6111.02,0.511627907,0.2223415682,
"25005611201",6112.01,0.3614457831,0.1594202899,
"25005611202",6112.02,0.3525179856,0.2030456853,
"25005612100",6121,0.4393939394,0.1943641618,
"25005612201",6122.01,0.6924528302,0.2783985102,
"25005612202",6122.02,0.4898989899,0.2406234778,
"25005613100",6131,0.405904059,0.2805983681,
"25005613300",6133,0.6025641026,0.1341418596,
"25005613400",6134,0.4633204633,0.2492331288,
"25005613600",6136,0.4100185529,0.3179571664,
"25005613700",6137,0.5593834995,0.2404540764,
"25005613800",6138,0.5213004484,0.1312741313,
"25005613901",6139.01,0.4982497083,0.4585858586,
"25005613902",6139.02,0.4743875278,0.360479798,
"25005614000",6140,0.518404908,0.362012987,
"25005614101",6141.01,0.5093167702,0.2243958573,
"25005614102",6141.02,0.5071942446,0.196104471,
"25005615100",6151,0.1091549296,0.2019083969,
"25005616100",6161,0,0.26,
"25005617101",6171.01,0.1558441558,0.1667715544,
"25005617102",6171.02,0.4226804124,0.2072289157,
"25005630101",6301.01,0.3353658537,0.3220640569,
"25005630102",6301.02,0.3869653768,0.2403776325,
"25005630201",6302.01,0.8181818182,0.1633535004,
"25005630202",6302.02,0.3705583756,0.1414141414,
"25005630301",6303.01,0.4489795918,0.1676891616,
"25005630302",6303.02,0.4722222222,0.1333333333,
"25005630400",6304,0.5388951522,0.2320169252,
"25005631101",6311.01,0.2571942446,0.3381057269,
"25005631102",6311.02,0.3474576271,0.2895095368,
"25005631200",6312,0.346,0.195164076,
"25005631300",6313,0.4005847953,0.203135651,
"25005631400",6314,0.4751525719,0.4197530864,
"25005631500",6315,0.5168539326,0.3284023669,
"25005631600",6316,0.6476426799,0.3008403361,
"25005631700",6317,0.8077994429,0.206364513,
"25005631800",6318,0.3700918964,0.2779156328,
"25005632100",6321,0.1577540107,0.2361477573,
"25005632200",6322,0.5705645161,0.3355530892,
"25005633100",6331,0.4401913876,0.3169620253,
"25005633200",6332,0.1990950226,0.2345844504,
"25005640100",6401,0.4375,0.3285990962,
"25005640201",6402.01,0.5501691094,0.1683673469,
"25005640202",6402.02,0.4992997199,0.2839248434,
"25005640300",6403,0.4155193992,0.3177366703,
"25005640400",6404,0.4228028504,0.2661737523,
"25005640500",6405,0.5465052284,0.4068692206,
"25005640600",6406,0.4391796322,0.3221083455,
"25005640700",6407,0.4657794677,0.2020547945,
"25005640800",6408,0.4769433465,0.2824207493,
"25005640901",6409.01,0.3893085415,0.4625407166,
"25005641000",6410,0.5217717718,0,
"25005641101",6411.01,0.6358087487,0.6129032258,
"25005641200",6412,0.5437645236,0.6626984127,
"25005641300",6413,0.5447845805,0.1529411765,
"25005641400",6414,0.6213151927,0.4359861592,
"25005641500",6415,0.4027055151,0.2087227414,
"25005641600",6416,0.5517970402,0.2582236842,
"25005641700",6417,0.3333333333,0.3302828619,
"25005641800",6418,0.4757834758,0.1762589928,
"25005641900",6419,0.6066897347,0.5903614458,
"25005642000",6420,0.4846538187,0.4591549296,
"25005642100",6421,0.3875570776,0.3596059113,
"25005642200",6422,0.5976863753,0.1882845188,
"25005642300",6423,0.4134078212,0.09893455099,
"25005642400",6424,0.5521023766,0.1777188329,
"25005642500",6425,0.4015594542,0.2164418754,
"25005644101",6441.01,0.1935483871,0.2098389203,
"25005644102",6441.02,0.6567567568,0.246133154,
"25005644200",6442,0.57960199,0.1798679868,
"25005645101",6451.01,0.6653992395,0.213027229,
"25005645102",6451.02,0.4735202492,0.1283749363,
"25005645103",6451.03,0.2987421384,0.3040439341,
"25005646101",6461.01,0.4495238095,0.2676505784,
"25005646103",6461.03,0.6419753086,0.2428435115,
"25005646104",6461.04,0.2340425532,0.1937557392,
"25005650101",6501.01,0.4637362637,0.3171830986,
"25005650102",6501.02,0.5301507538,0.3612956811,
"25005650201",6502.01,0.3513513514,0.2629310345,
"25005650202",6502.02,0.2215568862,0.4185022026,
"25005650300",6503,0.3417508418,0.3171355499,
"25005650400",6504,0.5387355298,0.5082568807,
"25005650500",6505,0.3874439462,0.4380664653,
"25005650600",6506,0.6737254902,0.6479400749,
"25005650700",6507,0.5959302326,0.5346534653,
"25005650800",6508,0.5238450075,0.619760479,
"25005650900",6509,0.5929526124,0.3062015504,
"25005651001",6510.01,0.3952879581,0.2286432161,
"25005651002",6510.02,0.3226256983,0.193960511,
"25005651100",6511,0.4988047809,0.5198863636,
"25005651200",6512,0.421686747,0.3465346535,
"25005651300",6513,0.5916030534,0.3033707865,
"25005651400",6514,0.3737142857,0.4775510204,
"25005651500",6515,0.4028436019,0.1912798875,
"25005651600",6516,0.4185185185,0.4047919294,
"25005651700",6517,0.495545657,0.4197530864,
"25005651800",6518,0.5026099925,0,
"25005651900",6519,0.664652568,0.3910891089,
"25005652000",6520,0.4694835681,0.3118556701,
"25005652100",6521,0.4708249497,0.4011065007,
"25005652200",6522,0.4555555556,0.2773333333,
"25005652300",6523,0.4972253052,0.5735294118,
"25005652400",6524,0.4520166898,0.3871733967,
"25005652500",6525,0.3402705515,0.7165354331,
"25005652600",6526,0.6406429392,0.590443686,
"25005652700",6527,0.4327628362,0.5726744186,
"25005652800",6528,0.2820037106,0.3099173554,
"25005653101",6531.01,0.545990566,0.2462121212,
"25005653102",6531.02,0.3581560284,0.1214343928,
"25005653203",6532.03,0.6007462687,0.3424836601,
"25005653204",6532.04,0.3121693122,0.3597194389,
"25005653301",6533.01,0.3455098935,0.2599369085,
"25005653304",6533.04,0.404494382,0.2697751873,
"25005654100",6541,0.5249169435,0.1820857864,
"25005654200",6542,0.5979899497,0.2979591837,
"25005655100",6551,0.3465346535,0.2526464361,
"25005655200",6552,0.5107102593,0.263509006,
"25005655300",6553,0.4627329193,0.3043956044,
"25005655400",6554,0.4087301587,0.2416107383,
"25005985500",9855,0.4716981132,0.200845666,
"25005985600",9856,0.6113744076,0.2428884026,
"25005990000",9900,,,
"25007200100",2001,0.3286713287,0.4158838599,
"25007200200",2002,0.5685618729,0.278308322,
"25007200300",2003,0.1314285714,0.5372340426,
"25007200400",2004,0.2745098039,0.3696498054,
"25007990000",9900,,,
"25009201100",2011,0.5708661417,0.4251851852,
"25009202101",2021.01,0.6184210526,0.3348554033,
"25009202103",2021.03,0.8805970149,0.3141153082,
"25009202104",2021.04,0.5564598169,0.4174950298,
"25009202200",2022,0.2615384615,0.2796992481,
"25009203100",2031,0.3607594937,0.2036180059,
"25009203200",2032,0.398255814,0.2546542553,
"25009203301",2033.01,0.3388235294,0.2783505155,
"25009203302",2033.02,0.5661157025,0.2778139232,
"25009204101",2041.01,0.413377193,0.3517679057,
"25009204102",2041.02,0.4810725552,0.4397111913,
"25009204200",2042,0.5705003249,0.2885057471,
"25009204300",2043,0.5259308511,0.2275449102,
"25009204400",2044,0.5539033457,0.3243243243,
"25009204500",2045,0.4974924774,0.1943661972,
"25009204600",2046,0.5704874835,0.29390681,
"25009204701",2047.01,0.3422281521,0.3829634932,
"25009204702",2047.02,0.6585106383,0.2217847769,
"25009205100",2051,0.8425414365,0.4353741497,
"25009205200",2052,0.5419847328,0.3997501562,
"25009205300",2053,0.7384615385,0.3671399594,
"25009205400",2054,0.8169014085,0.2725,
"25009205500",2055,0.6396011396,0.4462311558,
"25009205600",2056,0.7053140097,0.3153638814,
"25009205700",2057,0.5582959641,0.3078470825,
"25009205800",2058,0.4667896679,0.2996031746,
"25009205900",2059,0.446002805,0.5930232558,
"25009206000",2060,0.603960396,0.3693693694,
"25009206100",2061,0.5692821369,0.4789081886,
"25009206200",2062,0.4440366972,0.3847222222,
"25009206300",2063,0.4823151125,0.551425031,
"25009206400",2064,0.4801812005,0.2897959184,
"25009206500",2065,0.7887931034,0.3952205882,
"25009206600",2066,0.5013824885,0.4095045501,
"25009206700",2067,0.5879917184,0.393669634,
"25009206800",2068,0.5873119686,0.3315508021,
"25009206900",2069,0.5584245077,0.5702005731,
"25009207000",2070,0.4681528662,0.3050847458,
"25009207100",2071,0.4372881356,0.266,
"25009207200",2072,0.426121372,0.3130434783,
"25009208101",2081.01,0.5972495088,0.3679114799,
"25009208102",2081.02,0.4713804714,0.2696759259,
"25009208200",2082,0.2876712329,0.4002254791,
"25009208301",2083.01,0.6968973747,0.238961039,
"25009208302",2083.02,0.2493074792,0.4259649123,
"25009208401",2084.01,0.5226480836,0.3018660812,
"25009208402",2084.02,0.5574572127,0.3175487465,
"25009209100",2091,0.7149321267,0.251586582,
"25009209200",2092,0.277173913,0.2017887088,
"25009210100",2101,0,0.191283293,
"25009210200",2102,0.3382352941,0.2297664313,
"25009210301",2103.01,0.7929515419,0.2771084337,
"25009210302",2103.02,0.4845857418,0.2611607143,
"25009210401",2104.01,0.5747126437,0.2604895105,
"25009210402",2104.02,0.4180327869,0.3658927142,
"25009210500",2105,0.7956989247,0.2079550367,
"25009210600",2106,0.4904942966,0.2497846684,
"25009210700",2107,0.5468577729,0.4435096154,
"25009210800",2108,0.5596330275,0.5031185031,
"25009210900",2109,0.3567181926,0.2510548523,
"25009211100",2111,0.5640599002,0.2128078818,
"25009211201",2112.01,0.1710843373,0.1251862891,
"25009211202",2112.02,0.5605536332,0.3848454636,
"25009211300",2113,0.6734693878,0.1855864343,
"25009211401",2114.01,0.6032085561,0.3291316527,
"25009211402",2114.02,0.4392156863,0.1828214971,
"25009212101",2121.01,0.3534482759,0.2757475083,
"25009212102",2121.02,0.3259259259,0.2788461538,
"25009213100",2131,0.51875,0.2868761553,
"25009214100",2141,0.5488372093,0.2901477833,
"25009215101",2151.01,0.5767918089,0.3474320242,
"25009215102",2151.02,0.5928143713,0.2360655738,
"25009216100",2161,0.5396825397,0.3880994671,
"25009217101",2171.01,0.6479690522,0.193877551,
"25009217102",2171.02,0.5571847507,0.2910958904,
"25009217201",2172.01,0.4061962134,0.1603448276,
"25009217202",2172.02,0.1474358974,0.2312703583,
"25009217300",2173,0.3650406504,0.08798017348,
"25009217401",2174.01,0.6246648794,0.2624584718,
"25009217402",2174.02,0.5236768802,0.3832752613,
"25009217500",2175,0.5985010707,0.2936722553,
"25009217601",2176.01,0.5754716981,0.2422764228,
"25009217602",2176.02,0.3100775194,0.2858472998,
"25009218100",2181,0.3288084465,0.1575209813,
"25009220101",2201.01,0.6353383459,0.3247734139,
"25009220102",2201.02,0.552742616,0.2808145766,
"25009221100",2211,0.5489130435,0.383184011,
"25009221300",2213,0.3185840708,0.3954905545,
"25009221400",2214,0.4875,0.3738562092,
"25009221500",2215,0.5355086372,0.2356115108,
"25009221600",2216,0.6386554622,0.4018867925,
"25009221700",2217,0.5113464448,0.3286604361,
"25009221800",2218,0.3417721519,0.3639344262,
"25009221901",2219.01,0.4495412844,0.2495327103,
"25009221902",2219.02,0.5367847411,0.320702403,
"25009222100",2221,0.5048859935,0.313592233,
"25009223100",2231,0.623853211,0.2551319648,
"25009223200",2232,0.4586466165,0.2977867203,
"25009223300",2233,0.5275362319,0.1692307692,
"25009250100",2501,0.5041605482,0,
"25009250200",2502,0.6582568807,0.1678832117,
"25009250300",2503,0.6547770701,0.4226804124,
"25009250400",2504,0.6154529307,0.5054151625,
"25009250500",2505,0.5860323887,0.5168918919,
"25009250600",2506,0.6174311927,0.3818737271,
"25009250700",2507,0.7531978932,0.558739255,
"25009250800",2508,0.5520912548,0.4072524407,
"25009250900",2509,0.6238159675,0.6375,
"25009251000",2510,0.6340508806,0.4390243902,
"25009251100",2511,0.5297805643,0.9230769231,
"25009251200",2512,0.6174033149,0.2857142857,
"25009251300",2513,0.6479842675,0.7532467532,
"25009251400",2514,0.5926680244,0.4251497006,
"25009251500",2515,0.5338345865,0.3223570191,
"25009251600",2516,0.5220338983,0.08948194662,
"25009251700",2517,0.4340071344,0.3245436105,
"25009251800",2518,0.5672624647,0.4074250357,
"25009252101",2521.01,0.6559139785,0.2838383838,
"25009252102",2521.02,0.4347826087,0.1682825485,
"25009252201",2522.01,0.7712765957,0.206763285,
"25009252202",2522.02,0.1388888889,0.2580357143,
"25009252300",2523,0.522679693,0.3587933248,
"25009252400",2524,0.5166666667,0.4086206897,
"25009252501",2525.01,0.6217712177,0.2762730228,
"25009252502",2525.02,0.458677686,0.2397995705,
"25009252601",2526.01,0.4784946237,0.3071925754,
"25009252602",2526.02,0.3696202532,0.2255639098,
"25009252603",2526.03,0.356097561,0.1738636364,
"25009253100",2531,0.59437751,0.2757201646,
"25009253201",2532.01,0.155982906,0.3698630137,
"25009253202",2532.02,0.5559729527,0.2472324723,
"25009253203",2532.03,0.5141700405,0.3070866142,
"25009253204",2532.04,0.4858490566,0.341607565,
"25009253205",2532.05,0,0.2176091625,
"25009254100",2541,0.2207446809,0.2898486198,
"25009254200",2542,0.3977128335,0.1888111888,
"25009254301",2543.01,0.2671232877,0.2315270936,
"25009254302",2543.02,0,0.2603092784,
"25009254401",2544.01,0.4277929155,0.2383419689,
"25009254402",2544.02,0.3374613003,0.3005029338,
"25009254403",2544.03,0.4464285714,0.1274426508,
"25009260100",2601,0.6732406992,0.5333333333,
"25009260200",2602,0.6300429185,0.3357843137,
"25009260301",2603.01,0.4140625,0.2600536193,
"25009260302",2603.02,0.3066666667,0.2252747253,
"25009260401",2604.01,0.4577259475,0.2001477105,
"25009260402",2604.02,0.3838383838,0.1723214286,
"25009260500",2605,0.78515625,0.2946655377,
"25009260600",2606,0.488045007,0.2117962466,
"25009260700",2607,0.5840490798,0.3762088975,
"25009260800",2608,0.5225846926,0.4499229584,
"25009260900",2609,0.364516129,0.3474576271,
"25009261000",2610,0.5565068493,0.26953125,
"25009261101",2611.01,0.7412587413,0.218151071,
"25009261102",2611.02,0.4322469983,0.2165178571,
"25009262100",2621,0.6140350877,0.2457943925,
"25009263100",2631,0.4487179487,0.1632782719,
"25009264100",2641,0.481981982,0.2673469388,
"25009265101",2651.01,0.3519553073,0.2072617247,
"25009265102",2651.02,0.5657492355,0.2125,
"25009266100",2661,0.4718309859,0.2899246059,
"25009266200",2662,0.7473841555,0.2751388032,
"25009266300",2663,0.4292379471,0.2863475177,
"25009266400",2664,0.7153846154,0.291886196,
"25009267102",2671.02,0.6204620462,0.2959427208,
"25009267103",2671.03,0.4136546185,0.3805970149,
"25009267104",2671.04,0.5096359743,0.2313432836,
"25009268100",2681,0.7307692308,0.1685393258,
"25009268200",2682,0.5067934783,0.2738730005,
"25009268300",2683,0.3362831858,0.2871794872,
"25009268400",2684,0.2518159806,0.2831585441,
"25009269100",2691,0.4454022989,0.2004464286,
"25009270100",2701,0.4693877551,0.2219426271,
"25009990100",9901,,,
"25011040100",401,0.3714285714,0.235259434,
"25011040200",402,0.3074712644,0.2382892057,
"25011040300",403,0.5771812081,0.1274509804,
"25011040400",404,0.439688716,0.2364106989,
"25011040501",405.01,0.5128676471,0.3780952381,
"25011040502",405.02,0.3798283262,0.2296072508,
"25011040600",406,0.5427135678,0.2387022016,
"25011040701",407.01,0.5429417572,0.2534161491,
"25011040702",407.02,0.621559633,0.1865569273,
"25011040800",408,0.6243567753,0.1889149102,
"25011040900",409,0.3188405797,0.2533476165,
"25011041000",410,0.4727272727,0.3268698061,
"25011041100",411,0.5272727273,0.2192192192,
"25011041200",412,0.5412474849,0.3225108225,
"25011041301",413.01,0.5211970075,0.489010989,
"25011041302",413.02,0.6084710744,0.5239852399,
"25011041400",414,0.5934579439,0.4440993789,
"25011041501",415.01,0.5625,0.277852349,
"25011041502",415.02,0.4293478261,0.180608365,
"25013800101",8001.01,0.4508474576,0.3595505618,
"25013800102",8001.02,0.4831460674,0.4385150812,
"25013800201",8002.01,0.6506849315,0.3143012507,
"25013800202",8002.02,0.2772277228,0.2274881517,
"25013800300",8003,0.6444444444,0.4176904177,
"25013800400",8004,0.3430656934,0.2291196388,
"25013800500",8005,0.5017361111,0.3480243161,
"25013800600",8006,0.6952998379,0.2784810127,
"25013800700",8007,0.3886925795,0.4854368932,
"25013800800",8008,0.6818830243,0.4210526316,
"25013800900",8009,0.6063422635,0.09090909091,
"25013801101",8011.01,0.5637583893,0,
"25013801102",8011.02,0.455505279,1,
"25013801200",8012,0.6853932584,0,
"25013801300",8013,0.5777568332,0.297810219,
"25013801401",8014.01,0.6626180837,0.3560311284,
"25013801402",8014.02,0.4803370787,0.2666666667,
"25013801501",8015.01,0.4557823129,0.3983344899,
"25013801502",8015.02,0.6342857143,0.3725165563,
"25013801503",8015.03,0.5104166667,0.2940057088,
"25013801601",8016.01,0.8457142857,0.2083333333,
"25013801602",8016.02,0.329787234,0.283476899,
"25013801603",8016.03,0.3880126183,0.3379310345,
"25013801604",8016.04,0.4864864865,0.3158602151,
"25013801605",8016.05,0.551607445,0.2913385827,
"25013801700",8017,0.5895522388,0.4265279584,
"25013801800",8018,0.6469864699,0.4515306122,
"25013801901",8019.01,0.4473462511,0.6464646465,
"25013801902",8019.02,0.5634477255,0.4421052632,
"25013802000",8020,0.5572374645,0.5289855072,
"25013802101",8021.01,0.5729646697,0.2885952712,
"25013802200",8022,0.7954545455,0.5882352941,
"25013802300",8023,0.4833906071,0.3063660477,
"25013802400",8024,0.2588832487,0.3345615328,
"25013802500",8025,0.422037422,0.2939825448,
"25013802601",8026.01,0.5947986577,0.2662835249,
"25013802602",8026.02,0.3076923077,0.3333333333,
"25013810100",8101,0.4542079208,0.2419825073,
"25013810200",8102,0.6650124069,0.302354399,
"25013810300",8103,0.238410596,0.2527040315,
"25013810403",8104.03,0.4742014742,0.1825293351,
"25013810404",8104.04,0.2225806452,0.2402538531,
"25013810412",8104.12,0.4641509434,0.2009936766,
"25013810414",8104.14,0.5157894737,0.2288135593,
"25013810601",8106.01,0.4925544101,0.2931034483,
"25013810602",8106.02,0,0.1499556344,
"25013810700",8107,0.4240121581,0.2262996942,
"25013810800",8108,0.4081803005,0.2658045977,
"25013810901",8109.01,0.5300546448,0.1942446043,
"25013810902",8109.02,0.3597033375,0.2794846383,
"25013811000",8110,0.350148368,0.3701889433,
"25013811101",8111.01,0.5565862709,0.5020242915,
"25013811102",8111.02,0.3692434211,0.217218543,
"25013811200",8112,0.8158508159,0.3038138332,
"25013811301",8113.01,0.4916792738,0.2283172721,
"25013811302",8113.02,0.6121842496,0.2722799344,
"25013811400",8114,0.3997233748,0.3361344538,
"25013811500",8115,0.6192810458,0,
"25013811600",8116,0.4123524069,0.5490196078,
"25013811700",8117,0.5143160127,0.152,
"25013811800",8118,0.5342584562,0.1926782274,
"25013811900",8119,0.3285714286,0.2283393502,
"25013812001",8120.01,0.3802647413,0.1387900356,
"25013812002",8120.02,0.5875273523,0.31875,
"25013812101",8121.01,0.06578947368,0.2435970404,
"25013812103",8121.03,0.4340836013,0.2456140351,
"25013812104",8121.04,0.5475206612,0.265993266,
"25013812201",8122.01,0.6508064516,0.2270220588,
"25013812202",8122.02,0.5237020316,0.1719394773,
"25013812300",8123,0.5566502463,0.2721893491,
"25013812401",8124.01,0,0.1988461538,
"25013812403",8124.03,0.5971049457,0.3201542912,
"25013812404",8124.04,0.5531914894,0.1894060995,
"25013812500",8125,0.595342067,0.1197822142,
"25013812600",8126,0.3294346979,0.2039473684,
"25013812701",8127.01,0.5136268344,0.4482248521,
"25013812702",8127.02,0.419778002,0.1091180867,
"25013812800",8128,0.3848920863,0.2322869955,
"25013812901",8129.01,0.3575418994,0.2101200686,
"25013812902",8129.02,0.3724137931,0.1530373832,
"25013812903",8129.03,,0,
"25013813001",8130.01,0.3383458647,0.2316176471,
"25013813002",8130.02,0.2892561983,0.2518669382,
"25013813101",8131.01,0.5331369661,0.1780905753,
"25013813102",8131.02,0.3142857143,0.2783857729,
"25013813204",8132.04,0.4337349398,0.2081850534,
"25013813205",8132.05,0.2845982143,0.2069880584,
"25013813206",8132.06,0.3917525773,0.1299145299,
"25013813207",8132.07,0.4251497006,0.3259031514,
"25013813208",8132.08,0.4136986301,0.1818181818,
"25013813209",8132.09,0.2528473804,0.3054371002,
"25013813301",8133.01,0.452173913,0.2635078969,
"25013813303",8133.03,0.4644808743,0.2380612972,
"25013813304",8133.04,0.4375,0.2338653713,
"25013813401",8134.01,0.1501976285,0.2469280281,
"25013813403",8134.03,0.7078651685,0.273151751,
"25013813404",8134.04,0.4496402878,0.2215370019,
"25013813500",8135,0.5079365079,0.2660357518,
"25013813601",8136.01,0.471849866,0.3363397219,
"25013813602",8136.02,0.3178807947,0.1550925926,
"25013813701",8137.01,0.5767918089,0.2666083916,
"25013813702",8137.02,0.3120300752,0.2977461447,
"25013813801",8138.01,0.1592920354,0.2625206384,
"25013813802",8138.02,0.5187165775,0.2244582043,
"25015820101",8201.01,0.4214559387,0.2215070049,
"25015820102",8201.02,0.5351648352,0.3535502959,
"25015820205",8202.05,0.357771261,0.2030623405,
"25015820206",8202.06,0.644295302,0.3626522327,
"25015820207",8202.07,0.4458015267,0.351886209,
"25015820300",8203,0.6149425287,0.2699453552,
"25015820400",8204,0.2941176471,,
"25015820500",8205,0.5750896976,0.2569316081,
"25015820600",8206,0.6842105263,,
"25015820700",8207,0.6486068111,0.2744656918,
"25015820801",8208.01,0.5943536404,0.1772151899,
"25015820802",8208.02,,,
"25015820900",8209,0.3985507246,0.1828404831,
"25015821000",8210,0.2673796791,0.2844513781,
"25015821101",8211.01,0.3289224953,0.137372803,
"25015821200",8212,0.2,0,
"25015821300",8213,0.5906862745,0.1926977688,
"25015821400",8214,0.3322033898,0.1884908984,
"25015821500",8215,0.3070652174,0.2394495413,
"25015821601",8216.01,0.5542784163,0.1213307241,
"25015821602",8216.02,0.5896414343,0.2107175295,
"25015821700",8217,0.4369747899,0.3009950249,
"25015821901",8219.01,0.5737051793,0.2271634615,
"25015821903",8219.03,0.448035488,0.2765957447,
"25015821904",8219.04,0.5709534368,0.2559109875,
"25015822000",8220,0.632183908,0.04761904762,
"25015822200",8222,0.5921450151,0.2129032258,
"25015822300",8223,0.349864743,0.4307116105,
"25015822401",8224.01,0.5290322581,0.2551293488,
"25015822402",8224.02,0.4681818182,0.1897891232,
"25015822500",8225,0.3968871595,0.1826008156,
"25015822601",8226.01,0.2542372881,0.2023968043,
"25015822603",8226.03,0.2340425532,0.2817391304,
"25015822607",8226.07,0.4965277778,0.2301304864,
"25015822700",8227,0.368,0.2618657938,
"25017300100",3001,0.1232876712,0.2401343409,
"25017301101",3011.01,0.3324675325,0.2368421053,
"25017301102",3011.02,0.578313253,0.2366725249,
"25017310101",3101.01,0.5261923378,0.5060240964,
"25017310102",3101.02,0.5816498316,0.1271929825,
"25017310200",3102,0.6435137896,0.3975903614,
"25017310300",3103,0.5483870968,0.5782643958,
"25017310400",3104,0.7586206897,0.4571428571,
"25017310500",3105,0.5194805195,0.1975806452,
"25017310601",3106.01,0.3410852713,0.3371510379,
"25017310602",3106.02,0.3654008439,0.2483606557,
"25017310700",3107,0.6179487179,0.4946619217,
"25017311100",3111,0.4736842105,0.2568807339,
"25017311200",3112,0.576427256,0.5319148936,
"25017311300",3113,0.5839598997,0.1818181818,
"25017311400",3114,0.4128233971,0.3507281553,
"25017311500",3115,0.4047109208,0.1450151057,
"25017311600",3116,0.290886392,0.1798134012,
"25017311700",3117,0.4545454545,0.2714285714,
"25017311800",3118,0.5463258786,0.2309236948,
"25017311900",3119,0.46802595,0.4787234043,
"25017312000",3120,0.4066543438,0.7623188406,
"25017312100",3121,0.4887387387,0.3476070529,
"25017312200",3122,0.5142348754,0.3278955954,
"25017312300",3123,0.4154262517,0.2186326071,
"25017312400",3124,0.5403800475,0.4275362319,
"25017312501",3125.01,0.5797979798,0.2526555387,
"25017312502",3125.02,0.3863636364,0.2173913043,
"25017313101",3131.01,0.6479750779,0.2708757637,
"25017313102",3131.02,0.7131147541,0.2393422655,
"25017314101",3141.01,0.7307692308,0.2477162816,
"25017314102",3141.02,0.5744680851,0.2210207612,
"25017314200",3142,0.5247148289,0.2459961563,
"25017314301",3143.01,0.4736842105,0.2731353591,
"25017314302",3143.02,0.9,0.1944709247,
"25017315100",3151,0.1014492754,0.3208245243,
"25017315200",3152,0.5834196891,0.3323966279,
"25017315401",3154.01,0.4772727273,0.3162790698,
"25017315402",3154.02,0.0985915493,0.2403685092,
"25017315403",3154.03,0,0.166344294,
"25017315500",3155,0,0.2775761974,
"25017316101",3161.01,0.3333333333,0.2537688442,
"25017316102",3161.02,0.374137931,0.1551918736,
"25017316201",3162.01,0,0.1727332892,
"25017316202",3162.02,0.56,0.2834890966,
"25017316300",3163,0.4726123596,0.253869969,
"25017316400",3164,0.4771784232,0.2331406551,
"25017316500",3165,0.4493444577,0.3094688222,
"25017317101",3171.01,0.5710253998,0.2192268566,
"25017317102",3171.02,0.3910761155,0.3111782477,
"25017317103",3171.03,0.3666666667,0.1872770511,
"25017317201",3172.01,,0.2164261931,
"25017317202",3172.02,1,0.2298232129,
"25017317203",3172.03,0.368159204,0.2796327212,
"25017317301",3173.01,0.5933014354,0.2738496072,
"25017317302",3173.02,0.2865168539,0.1912289648,
"25017318100",3181,0.2608695652,0.2847740237,
"25017318200",3182,0.3950177936,0.3110429448,
"25017318300",3183,0.6046511628,0.1573682185,
"25017318400",3184,0.4640198511,0.2148952676,
"25017320102",3201.02,0.5841584158,0.2024972856,
"25017320105",3201.05,0.4371859296,0.1662162162,
"25017320106",3201.06,0.7034883721,0.1610486891,
"25017320107",3201.07,0.7750759878,0.2150537634,
"25017321100",3211,0.7090517241,0.2643391521,
"25017321200",3212,0.5643322476,0.09675324675,
"25017321301",3213.01,0.5615942029,0.32618683,
"25017321302",3213.02,0.2511627907,0.2867647059,
"25017321400",3214,0.3064066852,0.4079320113,
"25017321500",3215,0.5209368346,0.2184057032,
"25017321600",3216,0.6481294237,0.1624423963,
"25017322100",3221,0,0.207498384,
"25017322200",3222,0.328,0.2590405904,
"25017322300",3223,0.4081395349,0.3081463991,
"25017322400",3224,0.2099236641,0.1461318052,
"25017323101",3231.01,0.6016042781,0.199819982,
"25017323102",3231.02,0,0.1804081633,
"25017324101",3241.01,0.47,0.2003367003,
"25017324102",3241.02,0.3650190114,0.08591331269,
"25017325101",3251.01,0.3957783641,0.1616,
"25017325102",3251.02,0.4149855908,0.2559938128,
"25017326101",3261.01,0.4,0.2234678625,
"25017326102",3261.02,0.4307692308,0.2041237113,
"25017327101",3271.01,0,0.2567457073,
"25017327102",3271.02,0.3522012579,0.2177091795,
"25017327103",3271.03,0.5878594249,0.2528533802,
"25017328100",3281,0.3913043478,0.1845730028,
"25017330101",3301.01,1,0.2035928144,
"25017330102",3301.02,0.7524752475,0.3143032535,
"25017330201",3302.01,0.8306451613,0.2689721422,
"25017330202",3302.02,0.5316239316,0.2885154062,
"25017331101",3311.01,0.3361344538,0.2229232387,
"25017331102",3311.02,0.7962962963,0.2152133581,
"25017331200",3312,0.6095238095,0.2245491565,
"25017331300",3313,0.5714285714,0.2555831266,
"25017332100",3321,0.3205128205,0.1534216336,
"25017332201",3322.01,0.6366559486,0.357827476,
"25017332202",3322.02,0.3704363313,0.3257443082,
"25017332300",3323,0.4069767442,0.1925438596,
"25017332401",3324.01,0.625,0.1706102117,
"25017332402",3324.02,0.53259362,0.2509363296,
"25017333100",3331,0.4156626506,0.2338352524,
"25017333200",3332,0.5963190184,0.2049382716,
"25017333300",3333,0.4196078431,0.359212051,
"25017333400",3334,0.5975733064,0.1993610224,
"25017333501",3335.01,0.5594639866,0.2442293373,
"25017333502",3335.02,0.6394293126,0.2810902896,
"25017333601",3336.01,0.4635761589,0.1320754717,
"25017333602",3336.02,0.5683624801,0.240776699,
"25017334100",3341,0.187007874,0.2059833252,
"25017334200",3342,0.3366733467,0.220746888,
"25017334300",3343,0.2983870968,0.2424849699,
"25017334400",3344,0.2782369146,0.1885430762,
"25017335100",3351,0.4518348624,0.2870840384,
"25017335200",3352,0.2707910751,0.2342507645,
"25017335301",3353.01,0.4594202899,0.3597710548,
"25017335302",3353.02,0.4750542299,0.2288993923,
"25017335400",3354,0.6564885496,0.1913250149,
"25017336100",3361,0.4802083333,0.2431761787,
"25017336201",3362.01,0,0.2286476868,
"25017336202",3362.02,0.2,0.2376910017,
"25017336300",3363,0.1412429379,0.2791741472,
"25017336402",3364.02,0.5340659341,0.1208295762,
"25017336403",3364.03,0.4512411348,0.16563147,
"25017336404",3364.04,0.7160493827,0.2798165138,
"25017337101",3371.01,0.3702422145,0.1907894737,
"25017337102",3371.02,0.2638297872,0.295504386,
"25017337201",3372.01,0.6041275797,0.1433333333,
"25017337202",3372.02,0.5882352941,0.1727917473,
"25017337300",3373,0.2556869882,0.2155499368,
"25017338100",3381,0.4166666667,0.2734778122,
"25017338200",3382,0.2132701422,0.2469135802,
"25017338300",3383,0.5291139241,0.2940563087,
"25017338400",3384,0.09090909091,0.120079721,
"25017338500",3385,0.3145539906,0.2170212766,
"25017339101",3391.01,0.4101265823,0.3457286432,
"25017339102",3391.02,0.5222222222,0.2491438356,
"25017339200",3392,0.3721340388,0.1408789886,
"25017339300",3393,0.2478920742,0.3284552846,
"25017339400",3394,0.4002254791,0.2938311688,
"25017339500",3395,0.5753012048,0.2165242165,
"25017339600",3396,0.3067846608,0.3299748111,
"25017339700",3397,0.4367588933,0.4041514042,
"25017339802",3398.02,0.3455882353,0.1984978541,
"25017339803",3398.03,0.3464419476,0.592,
"25017339804",3398.04,0.1813031161,0.2194767442,
"25017339900",3399,0.3910939013,0.3210099188,
"25017340000",3400,0.2630385488,0.3262032086,
"25017340100",3401,0.7661016949,0.2880678982,
"25017341101",3411.01,0.4805970149,0.2198198198,
"25017341102",3411.02,0.4237165582,0.3119617225,
"25017341200",3412,0.3548951049,0.4043126685,
"25017341301",3413.01,0.4002855783,0.3020833333,
"25017341302",3413.02,0.3796680498,0.01680672269,
"25017341400",3414,0.6481788079,0.254066615,
"25017341500",3415,0.4787111623,0.2322880372,
"25017341600",3416,0.5049056604,0.2274031564,
"25017341700",3417,0.6343825666,0.2501802451,
"25017341800",3418,0.5993100049,0.3689458689,
"25017341901",3419.01,0.5583333333,0.2805280528,
"25017341903",3419.03,0.4118415324,0.258953168,
"25017341904",3419.04,0.4228395062,0.1939953811,
"25017342101",3421.01,0.4823529412,0.2547945205,
"25017342102",3421.02,0.4532554257,0.195754717,
"25017342201",3422.01,0.5649054142,0.3862158648,
"25017342202",3422.02,0.6481178396,0.5397196262,
"25017342301",3423.01,0.6163069544,0.2167832168,
"25017342302",3423.02,0.3394216134,0.4418212479,
"25017342401",3424.01,0.5759656652,0.3055555556,
"25017342402",3424.02,0.5823170732,0.312,
"25017342501",3425.01,0.5668604651,0.462962963,
"25017342502",3425.02,0.6391359593,0.56,
"25017342600",3426,0.4787928222,0.4307116105,
"25017350105",3501.05,0.2322834646,0.2075471698,
"25017350106",3501.06,0.4760244115,0.3,
"25017350107",3501.07,0.581027668,0.2303030303,
"25017350108",3501.08,0.4427860697,0.3548387097,
"25017350109",3501.09,0.1752988048,0.5,
"25017350201",3502.01,0.3797139142,0.2716763006,
"25017350202",3502.02,0.3276283619,0.309202454,
"25017350300",3503,0.4423748545,0.3396226415,
"25017350400",3504,0.4074074074,0.1710526316,
"25017350500",3505,0.2406015038,0.305785124,
"25017350600",3506,0.3443396226,0.3059360731,
"25017350701",3507.01,0.3717001056,0.6320272572,
"25017350702",3507.02,0.4647993944,0.2588652482,
"25017350800",3508,0.2387475538,0.3492957746,
"25017350900",3509,0.2748768473,0.2074626866,
"25017351001",3510.01,0.391416309,0.203601108,
"25017351002",3510.02,0.2490842491,0.05570291777,
"25017351101",3511.01,0.2936918304,0.1840707965,
"25017351102",3511.02,0.3655063291,0.3983957219,
"25017351203",3512.03,0.3020637899,0.3555926544,
"25017351204",3512.04,0.4040880503,0.184496124,
"25017351300",3513,0.304483188,0.2145748988,
"25017351403",3514.03,0.4260651629,0.2122905028,
"25017351404",3514.04,0.3325867861,0.5123966942,
"25017351500",3515,0.5667011375,0.2511848341,
"25017352101",3521.01,0.4534676941,0.2738095238,
"25017352102",3521.02,0.2965517241,0.2399380805,
"25017352200",3522,0.5196560197,0.3476190476,
"25017352300",3523,0.3626598465,0.3269689737,
"25017352400",3524,0.5,0.4225352113,
"25017352500",3525,0.4748466258,0.2145522388,
"25017352600",3526,0.3986928105,0.1569148936,
"25017352700",3527,0.4185136897,0.04371584699,
"25017352800",3528,0.3903345725,0.1279069767,
"25017352900",3529,0.4063018242,0.1325136612,
"25017353000",3530,0.4537597234,0.2133333333,
"25017353101",3531.01,0.5443572722,0.4615384615,
"25017353102",3531.02,0.6228070175,,
"25017353200",3532,0.4532967033,0.09208103131,
"25017353300",3533,0.2676537585,0.1543895055,
"25017353600",3536,0.3295985061,0.1372212693,
"25017353700",3537,0.5389025389,0.2462311558,
"25017353800",3538,0.281793842,0.2991266376,
"25017353900",3539,0.5645035184,0.4189189189,
"25017354000",3540,0.5820783133,0.3271523179,
"25017354100",3541,0.375249501,0.1831683168,
"25017354200",3542,0.3918367347,0.2480417755,
"25017354300",3543,0.3619361936,0.2447552448,
"25017354400",3544,0.2686084142,0.1855895197,
"25017354500",3545,0.4545454545,0.09742647059,
"25017354601",3546.01,0.5028735632,0.3269230769,
"25017354602",3546.02,0.5233248516,0.2191400832,
"25017354700",3547,0.3643292683,0.1328671329,
"25017354800",3548,0.5223048327,0.1216730038,
"25017354901",3549.01,0.2959667853,,
"25017354902",3549.02,0.4256259205,0.2075848303,
"25017355000",3550,0.3031055901,0.3010920437,
"25017356100",3561,0.3328335832,0.2042440318,
"25017356300",3563,0.266338721,0.2053959965,
"25017356400",3564,0.3078101072,0.2399635036,
"25017356500",3565,0.4507211538,0.1880222841,
"25017356601",3566.01,0.415501906,0.1851556265,
"25017356602",3566.02,0.2047058824,0.1678176796,
"25017356701",3567.01,0.3048484848,0.2988929889,
"25017356703",3567.03,0.6477462437,0.08333333333,
"25017356704",3567.04,0.3690932312,0.1500586166,
"25017357100",3571,0.5939226519,0.2192513369,
"25017357200",3572,0.2285714286,0.1134676564,
"25017357300",3573,0.3146067416,0.1480938416,
"25017357400",3574,0.2821316614,0.2139130435,
"25017357500",3575,0.4502487562,0.1931166348,
"25017357600",3576,0.2398081535,0.3257229833,
"25017357700",3577,0.371657754,0.3211206897,
"25017357800",3578,0.3563218391,0.3297974928,
"25017358100",3581,0.4202898551,0.1814268143,
"25017358300",3583,0.5864453665,0.1721049264,
"25017358400",3584,0.3736730361,0.2799470549,
"25017358500",3585,0.6517241379,0.2922429345,
"25017358600",3586,0.4495412844,0.2222222222,
"25017358700",3587,0.1226415094,0.141391106,
"25017359100",3591,0.4639927074,0.1810795125,
"25017359301",3593.01,,,
"25017359302",3593.02,,,
"25017359303",3593.03,0.2137681159,0.2705154639,
"25017359400",3594,0.3983516484,0.1622103387,
"25017360300",3603,0.5089820359,0.1810551559,
"25017361100",3611,0.5830985915,0.2391041162,
"25017361200",3612,0.4285714286,0.2071320182,
"25017361300",3613,0.3435582822,0.1852048962,
"25017362100",3621,0.6960784314,0.1896551724,
"25017363103",3631.03,0.3411764706,0.2537444934,
"25017363104",3631.04,0.1144578313,0.217721519,
"25017363105",3631.05,0.6677471637,0.3578378378,
"25017363106",3631.06,0.495132128,0.156302521,
"25017363201",3632.01,0.3417085427,0.1463878327,
"25017363202",3632.02,0.2357142857,0.2349102773,
"25017364101",3641.01,0.4138576779,0.2404181185,
"25017364102",3641.02,0.4240740741,0.2893081761,
"25017365100",3651,0,0.1716879901,
"25017365201",3652.01,0.2432432432,0.2966057441,
"25017365202",3652.02,0.5061425061,0.1869978086,
"25017366100",3661,0.4148606811,0.2092222987,
"25017366201",3662.01,0,0.2803889789,
"25017366202",3662.02,0.338028169,0.2290033595,
"25017367100",3671,0.4507042254,0.2783357245,
"25017367200",3672,0.6666666667,0.290717065,
"25017368101",3681.01,0.4846368715,0.2063329928,
"25017368102",3681.02,0.3357487923,0.192476489,
"25017368200",3682,0.4530271399,0.2154280339,
"25017368300",3683,0.4569850039,0.4223880597,
"25017368400",3684,0.4325230511,0.2387202625,
"25017368500",3685,0.4022140221,0.512195122,
"25017368600",3686,0.4173505275,0.3280487805,
"25017368700",3687,0.4540540541,0.1338582677,
"25017368800",3688,0.2807737397,0.193578848,
"25017368901",3689.01,0.3470899471,0.3276955603,
"25017368902",3689.02,0.6669374492,0.2217391304,
"25017369000",3690,0,0,
"25017369100",3691,0.2258823529,0.1639751553,
"25017370101",3701.01,0.4985611511,0.2474683544,
"25017370103",3701.03,0.444047619,0.268258427,
"25017370104",3701.04,0.3125,0.3489519112,
"25017370201",3702.01,0.4485294118,0.240248227,
"25017370202",3702.02,0.5151515152,0.2447552448,
"25017370301",3703.01,0.3815659068,0.1975308642,
"25017370302",3703.02,0.2871452421,0.3568773234,
"25017370401",3704.01,0.4483018868,0.3438045375,
"25017370402",3704.02,0.2734177215,0.2172413793,
"25017370403",3704.03,0.4174397032,0.301843318,
"25017373100",3731,0.3878453039,0.1286266925,
"25017373200",3732,0.2961335677,0.4380952381,
"25017373300",3733,0.4114285714,0.2319444444,
"25017373400",3734,0.561436673,0.2595907928,
"25017373500",3735,0.09944751381,0.3107798165,
"25017373600",3736,0.2264705882,0.3215339233,
"25017373700",3737,0.07627118644,0.1771385314,
"25017373800",3738,0.4545454545,0.2509147935,
"25017373901",3739.01,0.3759398496,0.3633440514,
"25017373902",3739.02,0.5178571429,0.2349726776,
"25017374000",3740,0.3813953488,0.2408707865,
"25017374100",3741,0.4222797927,0.2583265638,
"25017374200",3742,0.35625,0.1321695761,
"25017374300",3743,0.2,0.1670741646,
"25017374400",3744,0.4822834646,0.2730627306,
"25017374500",3745,0.3582089552,0.2944393801,
"25017374600",3746,0.2710526316,0.2298682284,
"25017374700",3747,0.5218543046,0.1912421805,
"25017374800",3748,0.5436408978,0.1898340249,
"25017382100",3821,0.08333333333,0.2595561036,
"25017382200",3822,0.3724770642,0.1744627054,
"25017382300",3823,0.1367041199,0.2467053242,
"25017382400",3824,0.5036075036,0.2346002621,
"25017382500",3825,0.588820827,0.2209606987,
"25017382601",3826.01,0.2394014963,0.2465753425,
"25017382602",3826.02,0.5366242038,0.2144979204,
"25017383101",3831.01,0.5762711864,0.2771929825,
"25017383102",3831.02,0.606875,0.3012552301,
"25017383200",3832,0.5202702703,0.2215777262,
"25017383300",3833,0.3768421053,0.1836065574,
"25017383401",3834.01,0.4181091877,0.2668810289,
"25017383402",3834.02,0.556978233,0.2988313856,
"25017383501",3835.01,0.5676691729,0.2793594306,
"25017383502",3835.02,0.5442307692,0.0572450805,
"25017383600",3836,0.5726375176,0.124535316,
"25017383700",3837,0.3960244648,0.2727900552,
"25017383800",3838,0.3420523139,0.2016169783,
"25017383902",3839.02,0.4464285714,0.2286952335,
"25017383903",3839.03,1,0.2894438138,
"25017383904",3839.04,0.6715686275,0.1690507152,
"25017384003",3840.03,0.5448680352,0.3279839519,
"25017384004",3840.04,0.203539823,0.190376569,
"25017385101",3851.01,0.4266409266,0.2105263158,
"25017385102",3851.02,0.49375,0.2129909366,
"25017385201",3852.01,0.7070707071,0.1647183847,
"25017385203",3852.03,0.3601286174,0.2525745257,
"25017385204",3852.04,0.406504065,0.2213656388,
"25017386100",3861,0.5217391304,0.2257586973,
"25017387100",3871,0.4691011236,0.2291960508,
"25017387201",3872.01,0.3949044586,0.2239557121,
"25017387202",3872.02,0.2467532468,0.1291611185,
"25017388100",3881,0.5338645418,0.2142857143,
"25017388200",3882,0.4483568075,0.1865520728,
"25017388300",3883,0.511972634,0.4314720812,
"25017980000",9800,,,
"25019950100",9501,0.5333333333,0.3063683305,
"25019950201",9502.01,0.3674698795,0.6384514436,
"25019950202",9502.02,0.3738095238,0.2974051896,
"25019950307",9503.07,0,0.1957671958,
"25019950400",9504,0.6197183099,0.4964234621,
"25019950500",9505,0.1287128713,0.5803814714,
"25019990000",9900,,,
"25021400100",4001,0.5656136087,0.3288888889,
"25021400201",4002.01,0.3771106942,0.2635914333,
"25021400202",4002.02,0.6895306859,0.214084507,
"25021400300",4003,0.4491525424,0.3076923077,
"25021400401",4004.01,0.4560597358,0.3018867925,
"25021400402",4004.02,0.2833876221,0.1011764706,
"25021400500",4005,0.28216455,0.2191958495,
"25021400600",4006,0.352284264,0.2335216573,
"25021400700",4007,0.438172043,0.2696759259,
"25021400800",4008,0.4616429056,0.2641509434,
"25021400900",4009,0.5155071249,0.2919896641,
"25021401000",4010,0.3468118196,0.222513089,
"25021401100",4011,0.3109243697,0.2526223776,
"25021401201",4012.01,0.4,0.2070015221,
"25021401202",4012.02,0.7325102881,0.2783783784,
"25021402101",4021.01,0.4196642686,0.2196261682,
"25021402102",4021.02,0.5190713101,0.3458333333,
"25021402200",4022,0.6140350877,0.3054187192,
"25021402300",4023,0,0.2354298904,
"25021402400",4024,0.4990875912,0.2765700483,
"25021402500",4025,0.6224,0.2931885489,
"25021403100",4031,0.3532608696,0.2204417497,
"25021403300",4033,0.4384615385,0.187723055,
"25021403400",4034,0.4356164384,0.3173851255,
"25021403501",4035.01,0.6246290801,0.1386138614,
"25021403502",4035.02,0.8301886792,0.2977684798,
"25021404100",4041,0.52,0.1948853616,
"25021404201",4042.01,0.5473684211,0.2070175439,
"25021404202",4042.02,0.5,0.2322193659,
"25021404301",4043.01,0.1772151899,0.1978723404,
"25021404302",4043.02,0.2595419847,0.2325783972,
"25021404400",4044,0.3042635659,0.220801364,
"25021405100",4051,0.3448275862,0.2130528587,
"25021406101",4061.01,0.6479166667,0.1853521127,
"25021406102",4061.02,0.7535211268,0.2317298797,
"25021407101",4071.01,0.42,0.1960408685,
"25021407102",4071.02,0.7171052632,0.2319873317,
"25021408102",4081.02,0.448019802,0.1832425068,
"25021408103",4081.03,1,0.1762557078,
"25021408104",4081.04,0.3105590062,0.1910739191,
"25021409101",4091.01,0,0.2218430034,
"25021409102",4091.02,0.5785123967,0.2009237875,
"25021410100",4101,0.7352380952,0.2099860009,
"25021410300",4103,0.7655913978,0.293768546,
"25021410400",4104,0.4561774023,0.2578977599,
"25021411101",4111.01,0.3345521024,0.08872651357,
"25021411102",4111.02,0.4736842105,0.2320730117,
"25021411200",4112,0.4572748268,0.1987494417,
"25021411301",4113.01,0.5152838428,0.2232635061,
"25021411302",4113.02,0.2962962963,0.3862300588,
"25021412100",4121,0.4225941423,0.2082484725,
"25021412200",4122,0.608974359,0.3097643098,
"25021412300",4123,0.5882352941,0.2623550946,
"25021413100",4131,0.419239905,0.2204334365,
"25021413201",4132.01,0.416967509,0.2336903603,
"25021413202",4132.02,0.5060532688,0.1130268199,
"25021413300",4133,0.5435967302,0.1701982228,
"25021413401",4134.01,0.4549356223,0.2059496568,
"25021413402",4134.02,0.3954983923,0.2905405405,
"25021413500",4135,0.7025454545,0.3157076205,
"25021414100",4141,0.6494023904,0.2331319235,
"25021414200",4142,0.5,0.2021709634,
"25021414300",4143,0.414,0.2035714286,
"25021415101",4151.01,0.4754901961,0.2409356725,
"25021415103",4151.03,0.5193199382,0.288981289,
"25021415104",4151.04,0.3973214286,0.09183673469,
"25021415201",4152.01,0.5432569975,0.168627451,
"25021415202",4152.02,0.7572815534,0.2724324324,
"25021415300",4153,0.472361809,0.3095422808,
"25021416101",4161.01,0.4893617021,0.2058486239,
"25021416102",4161.02,0.4736842105,0.3810679612,
"25021416200",4162,0.4320754717,0.3872962338,
"25021416300",4163,0.5724637681,0.2075332349,
"25021416400",4164,1,0.2095749878,
"25021417100",4171,0.6602434077,0.200398142,
"25021417201",4172.01,0.4133685136,0.2309257375,
"25021417202",4172.02,0.3692307692,0.3041526375,
"25021417300",4173,0.3459227468,0.2838847385,
"25021417400",4174,0.2433628319,0.289740699,
"25021417501",4175.01,0.4147521161,0.303325223,
"25021417502",4175.02,0.5050505051,0.4457409568,
"25021417601",4176.01,0.3369713506,0.2865900383,
"25021417602",4176.02,0.28,0.4145873321,
"25021417702",4177.02,0.4258241758,0.1971014493,
"25021417703",4177.03,0.5147826087,0.7727272727,
"25021417704",4177.04,0.3820998279,0.3457814661,
"25021417801",4178.01,0.3812056738,0.3489662128,
"25021417802",4178.02,0.5165394402,0.3426573427,
"25021417901",4179.01,0.5910513141,0.3844731978,
"25021417902",4179.02,0.2483296214,0.2450424929,
"25021418002",4180.02,0.3425414365,0.2527472527,
"25021418003",4180.03,0.5361930295,0.05151515152,
"25021418004",4180.04,0.3909465021,0.2257217848,
"25021418101",4181.01,0.3848711554,0.2307039864,
"25021418102",4181.02,0.395480226,0.3251231527,
"25021418201",4182.01,0.7178371659,0.4918594687,
"25021419100",4191,0.5082568807,0.2576802508,
"25021419200",4192,0.5654205607,0.2049598833,
"25021419300",4193,0.4368231047,0.3083247688,
"25021419400",4194,0.508045977,0.2164556962,
"25021419500",4195,0.2083333333,0.1644859813,
"25021419601",4196.01,0.5643835616,0.4225352113,
"25021419602",4196.02,0.1308411215,0.2665036675,
"25021419700",4197,0.4,0.1547099189,
"25021419800",4198,0.3966942149,0.3789808917,
"25021420101",4201.01,0.5067340067,0.2332293292,
"25021420102",4201.02,0.6725274725,0.3432708688,
"25021420201",4202.01,0.5708502024,0.4077777778,
"25021420202",4202.02,0.6063394683,0.4351906158,
"25021420301",4203.01,0.6611464968,0.2761351637,
"25021420302",4203.02,0.5277078086,0.3130482456,
"25021421100",4211,0.3873873874,0.4059701493,
"25021421200",4212,0.5485074627,0.3865679535,
"25021422100",4221,0.8253275109,0.2018299247,
"25021422201",4222.01,0.5630936228,0.2157360406,
"25021422202",4222.02,0.4111776447,0.2888212266,
"25021422301",4223.01,0.3392857143,0.1966604824,
"25021422303",4223.03,0.5332875772,0.3091247672,
"25021422304",4223.04,0.5083333333,0.126618705,
"25021422401",4224.01,0.6449456976,0.1967545639,
"25021422402",4224.02,0.2948960302,0.1237882177,
"25021422501",4225.01,0.5183537264,0.3157894737,
"25021422502",4225.02,0.4666088465,0.2583120205,
"25021422600",4226,0.1693989071,0.3891231029,
"25021422700",4227,0.3626760563,0.3151125402,
"25021422800",4228,0.4919614148,0.2224396608,
"25021423101",4231.01,0.6051282051,0.2111111111,
"25021423102",4231.02,0.3312883436,0.2644569817,
"25021440101",4401.01,0.5808039377,0.3878656555,
"25021440102",4401.02,0.6176470588,0.1332560834,
"25021441202",4412.02,,0.2383419689,
"25021441203",4412.03,0.5875912409,0.2096385542,
"25021441204",4412.04,0.277173913,0.2119248218,
"25021442101",4421.01,0.3485254692,0.1569148936,
"25021442103",4421.03,0,0.1044073599,
"25021442104",4421.04,0.185483871,0.29318542,
"25021442105",4421.05,0.5087108014,0.2564102564,
"25021442201",4422.01,0.5800464037,0.1978513876,
"25021442203",4422.03,0.5760111576,0.2677165354,
"25021442204",4422.04,0.4335548173,0.2039082413,
"25021443103",4431.03,0.3084745763,0.2258064516,
"25021443104",4431.04,0.4907407407,0.1873713109,
"25021443105",4431.05,0.5234899329,0.2361563518,
"25021443106",4431.06,0.7442196532,0.2130356065,
"25021456101",4561.01,0.649122807,0.263653484,
"25021456102",4561.02,0.6698113208,0.4375,
"25021456200",4562,0.5283446712,0.3252427184,
"25021456301",4563.01,0.7206266319,0.2293762575,
"25021456302",4563.02,0.6810457516,0.361037234,
"25021456401",4564.01,0.2760416667,0.3890339426,
"25021456402",4564.02,0.7727272727,0.3070478068,
"25021457100",4571,0.5814606742,0.2317979198,
"25021457200",4572,0.5,0.1821816105,
"25021980000",9800,,,
"25023500101",5001.01,0.6932270916,0.3325909428,
"25023500103",5001.03,0.2560553633,0.2459485224,
"25023500104",5001.04,0.5030864198,0.2851711027,
"25023501101",5011.01,0.4702970297,0.1938490214,
"25023501102",5011.02,0.4696078431,0.1649253731,
"25023501201",5012.01,0,0.1967455621,
"25023501203",5012.03,0.4166666667,0.2346805737,
"25023501204",5012.04,0.7789968652,0.2066666667,
"25023502101",5021.01,0.3004172462,0.2847938144,
"25023502102",5021.02,0.7138643068,0.2508122157,
"25023502200",5022,0.7965260546,0.3232227488,
"25023503101",5031.01,0.7479674797,0.1954853273,
"25023503102",5031.02,0.6891566265,0.2189349112,
"25023504101",5041.01,0.3819444444,0.28476017,
"25023504102",5041.02,0.8493975904,0.2763938316,
"25023505102",5051.02,0.5350318471,0.2537562604,
"25023505103",5051.03,0.7222222222,0.3574074074,
"25023505104",5051.04,0.3450292398,0.3537604457,
"25023505201",5052.01,0.4680851064,0.3155792277,
"25023505202",5052.02,0.4447592068,0.2689500281,
"25023506102",5061.02,0.6532797858,0.3307369682,
"25023506103",5061.03,0,0.317620651,
"25023506104",5061.04,0,0.2057310801,
"25023506202",5062.02,0.5874587459,0.2944038929,
"25023506203",5062.03,0.4887459807,0.2321041215,
"25023506205",5062.05,0.60625,0.2186287193,
"25023506206",5062.06,0.59375,0.1870824053,
"25023507101",5071.01,0.4011976048,0.230227519,
"25023507103",5071.03,0.4776119403,0.2631921824,
"25023507104",5071.04,0.6115702479,0.2482517483,
"25023508101",5081.01,0.3548387097,0.2536322125,
"25023508102",5081.02,0.3722222222,0.263462652,
"25023508200",5082,0.7533333333,0.281099325,
"25023509101",5091.01,0.2516703786,0.3568726356,
"25023509102",5091.02,0.3802197802,0.3537985866,
"25023510100",5101,0.3333333333,0.3377221856,
"25023510200",5102,0.5192771084,0.2581453634,
"25023510300",5103,0.6715517241,0.1485714286,
"25023510400",5104,0.5284280936,0.498630137,
"25023510501",5105.01,0.2101167315,0.36400818,
"25023510503",5105.03,0.6909272183,0.3996101365,
"25023510504",5105.04,0.6599664992,0.419047619,
"25023510505",5105.05,0.3977443609,0.2707774799,
"25023510600",5106,0.3269230769,0.3128205128,
"25023510700",5107,0.8161290323,0.2926547137,
"25023510800",5108,0.5546218487,0.3388429752,
"25023510900",5109,0.6262833676,0.2463768116,
"25023511000",5110,0.4600591716,0.3381642512,
"25023511100",5111,0,0.3844086022,
"25023511200",5112,0.3696837514,0.4553231939,
"25023511301",5113.01,0.6264236902,0.3748137109,
"25023511302",5113.02,0.2967479675,0.3166855846,
"25023511400",5114,0.6380753138,0.4969325153,
"25023511500",5115,0.4856815578,0.32,
"25023511601",5116.01,0.4356955381,0.2136752137,
"25023511602",5116.02,0.4098039216,0.307234886,
"25023511701",5117.01,0.4777070064,0.2964190981,
"25023511702",5117.02,0.3947368421,0.1279887482,
"25023520100",5201,0.4550561798,0.3128923225,
"25023520201",5202.01,0.4402173913,0.3395555556,
"25023520202",5202.02,0.4150197628,0.2738772929,
"25023521101",5211.01,0.6604938272,0.368683274,
"25023521102",5211.02,0.5205183585,0.1622857143,
"25023521201",5212.01,0.4180887372,0.2113095238,
"25023521202",5212.02,0.5183246073,0.1381260097,
"25023522101",5221.01,1,0.324967825,
"25023522102",5221.02,0.3837209302,0.3373435996,
"25023523100",5231,0.7530364372,0.1893424036,
"25023523201",5232.01,0.587962963,0.2239789196,
"25023523203",5232.03,0.2480620155,0.2547235829,
"25023523204",5232.04,0.46875,0.2207446809,
"25023524101",5241.01,0.5675675676,0.361136572,
"25023524102",5241.02,0.4030612245,0.1993934799,
"25023525101",5251.01,0.4414768264,0.3292824074,
"25023525104",5251.04,0.398989899,0.2234585072,
"25023525204",5252.04,0,0.2001557632,
"25023526100",5261,0.2564102564,0.3409410112,
"25023530100",5301,0.2394736842,0.2876794258,
"25023530200",5302,0.5494137353,0.4090368609,
"25023530300",5303,0.5245136187,0.2153110048,
"25023530400",5304,0,0.2297111417,
"25023530500",5305,0.6578282828,0.4541616405,
"25023530600",5306,0.6545454545,0.232133542,
"25023530700",5307,0.520746888,0.3552631579,
"25023530801",5308.01,0.1193181818,0.261821366,
"25023530802",5308.02,0.5021097046,0.2487106017,
"25023530902",5309.02,0.3670886076,0.2422907489,
"25023530903",5309.03,0.5938303342,0.3407407407,
"25023530904",5309.04,0,0.3637916311,
"25023540101",5401.01,0.7348066298,0.2636127917,
"25023540102",5401.02,0.1818181818,0.2149425287,
"25023540103",5401.03,0.2888888889,0.2564841499,
"25023541100",5411,0.3139534884,0.2319228709,
"25023542101",5421.01,0.6877076412,0.2963895886,
"25023542102",5421.02,0.4563106796,0.335117773,
"25023542200",5422,0.1551724138,0.2390359542,
"25023542301",5423.01,0.6722454672,0.2151767152,
"25023542302",5423.02,0.6293193717,0.2130257802,
"25023543100",5431,0.275862069,0.2575757576,
"25023544100",5441,0.5309278351,0.4182470528,
"25023544200",5442,0.5,0.314922049,
"25023545100",5451,0.7054054054,0.37465993,
"25023545200",5452,0.3911917098,0.2629063098,
"25023545300",5453,0.3230769231,0.2576586433,
"25023545400",5454,0.4608208955,0.3384311791,
"25023560100",5601,0.2484076433,0.2101449275,
"25023561100",5611,0.4183006536,0.2734375,
"25023561400",5614,0.6105006105,0.2122360585,
"25023980200",9802,0,0.5714285714,
"25023980300",9803,1,,
"25023990003",9900.03,,,
"25025000101",1.01,0.2942583732,0.2014925373,
"25025000102",1.02,0.4945337621,0.3173431734,
"25025000201",2.01,0.4701492537,0.2099009901,
"25025000202",2.02,0.4120603015,0.2976445396,
"25025000301",3.01,0.2010796221,0.3215767635,
"25025000302",3.02,0.3001328021,0.301980198,
"25025000401",4.01,0.3844339623,0.3178807947,
"25025000402",4.02,0.4708886619,0.2623762376,
"25025000502",5.02,0.4448275862,0.2891986063,
"25025000503",5.03,0.3747534517,0.4033149171,
"25025000505",5.05,0.5134474328,0.1699029126,
"25025000506",5.06,0.5396396396,0.1658767773,
"25025000601",6.01,0.4510433387,0.1707317073,
"25025000603",6.03,0.6416065911,0.7699115044,
"25025000604",6.04,0.5824524313,0.3318777293,
"25025000701",7.01,0.3945396146,0.1617021277,
"25025000703",7.03,0.6015473888,0.8181818182,
"25025000704",7.04,0.5579710145,0.375,
"25025000804",8.04,0.3189326557,0.3018867925,
"25025000805",8.05,0.5841584158,0,
"25025000806",8.06,0.6458635704,1,
"25025000807",8.07,,,
"25025010103",101.03,0.7087719298,0,
"25025010104",101.04,0.4501178319,0.2349206349,
"25025010204",102.04,0.5604395604,0.7303370787,
"25025010205",102.05,0.4862055178,0.325,
"25025010206",102.06,0.628909552,1,
"25025010300",103,0.4406130268,0.5641025641,
"25025010403",104.03,0.7096560847,0.05625,
"25025010404",104.04,0.7495309568,0.2195121951,
"25025010405",104.05,0.4695989651,0.7391304348,
"25025010408",104.08,0.6566970091,0.4054054054,
"25025010500",105,0.5994781474,0.2863636364,
"25025010600",106,0.5123028391,0.288981289,
"25025010701",107.01,0.3436532508,0.2398753894,
"25025010702",107.02,0.3469387755,0.3308714919,
"25025010801",108.01,0.4094240838,0.4192982456,
"25025010802",108.02,0.3528319406,0.2531468531,
"25025020101",201.01,0.3257790368,0.1369450715,
"25025020200",202,0.4303630363,0.1948051948,
"25025020301",203.01,0.4724264706,0.2396694215,
"25025020302",203.02,0.3495575221,0.1396648045,
"25025020304",203.04,0.4411347518,0.1466666667,
"25025020305",203.05,0.4775248103,0.3265306122,
"25025030100",301,0.4069767442,0.55,
"25025030200",302,0.3025210084,0.1846153846,
"25025030301",303.01,0.3015075377,0.4800664452,
"25025030302",303.02,0.4294416244,0.1208791209,
"25025030400",304,0.443943662,0.2922794118,
"25025030500",305,0.3025641026,0.3609341826,
"25025040100",401,0.2258726899,0.1109643329,
"25025040200",402,0.4217687075,0.1413793103,
"25025040300",403,0.2408435072,0.1901515152,
"25025040401",404.01,0.3377777778,0.1895093063,
"25025040600",406,0.4,0.1705685619,
"25025040801",408.01,0.5,0.1985111663,
"25025050101",501.01,0.4772914946,0.3624535316,
"25025050200",502,0.5070202808,0.3181049069,
"25025050300",503,0.4313346228,0.3102040816,
"25025050400",504,0.4626108999,0.1598360656,
"25025050500",505,0.5190615836,0.1815068493,
"25025050600",506,0.6045112782,0.3974358974,
"25025050700",507,0.5564516129,0.1432360743,
"25025050901",509.01,0.3933901919,0.1662650602,
"25025051000",510,0.3717664449,0.3179972936,
"25025051101",511.01,0.3389720234,0.2218009479,
"25025051200",512,0.307922272,0.2225352113,
"25025060101",601.01,0.2747126437,0.2200647249,
"25025060200",602,0.3049907579,0.2693208431,
"25025060301",603.01,0.1730769231,0.3514246947,
"25025060400",604,0.1733535201,0.2189597315,
"25025060501",605.01,0.2157676349,0.2912011173,
"25025060601",606.01,0.1367041199,0.07520325203,
"25025060602",606.02,0.5307692308,0.5454545455,
"25025060603",606.03,0.4372955289,0.6842105263,
"25025060604",606.04,0.3667496887,0.3269689737,
"25025060700",607,0.5084134615,,
"25025060800",608,0.4181669394,0.1624413146,
"25025061000",610,0.3805073431,0.1256157635,
"25025061101",611.01,0.5144067797,,
"25025061201",612.01,0.333976834,0.4655963303,
"25025061202",612.02,,,
"25025061203",612.03,0.1860986547,0.1100110011,
"25025061204",612.04,0.212345679,0.129707113,
"25025070102",701.02,0.3643312102,0.4188034188,
"25025070103",701.03,0.6465863454,0.3076923077,
"25025070104",701.04,0.5988700565,0.2229551451,
"25025070201",702.01,0.4102857143,0.125,
"25025070202",702.02,0.5226537217,0.04268292683,
"25025070301",703.01,0.1824324324,0.2526002972,
"25025070302",703.02,0.4233576642,0.3002309469,
"25025070402",704.02,0.4903898957,0.2889908257,
"25025070501",705.01,0.3294930876,0.1921005386,
"25025070502",705.02,0.6474601971,0.2371323529,
"25025070600",706,0.2138888889,0.2397003745,
"25025070700",707,0.5811320755,0.1567164179,
"25025070801",708.01,0.7190569745,0.09302325581,
"25025070802",708.02,0.5104821803,0.1781737194,
"25025070901",709.01,0.4470842333,0.243902439,
"25025070902",709.02,0.409495549,0.2085308057,
"25025071101",711.01,0.570323488,0.1910828025,
"25025071201",712.01,0.3573943662,0.2540381791,
"25025080100",801,0.5123809524,0.2763636364,
"25025080300",803,0.6027972028,0.455026455,
"25025080401",804.01,0.5840707965,0.7123287671,
"25025080500",805,0.4409448819,1,
"25025080601",806.01,0.6585365854,0.487804878,
"25025080801",808.01,0.4192966637,,
"25025080900",809,0.47829233,0.05063291139,
"25025081001",810.01,0.5991614256,0.4090909091,
"25025081101",811.01,0.5816733068,0.3666666667,
"25025081102",811.02,0.4158291457,0.3765903308,
"25025081200",812,0.5066793893,0.149068323,
"25025081301",813.01,0.4447731755,0.4574468085,
"25025081302",813.02,0.6009433962,1,
"25025081400",814,0.5551684088,0.3733681462,
"25025081500",815,0.6765188834,0.3880597015,
"25025081700",817,0.4950884086,0.738791423,
"25025081800",818,0.72845953,0.3747841105,
"25025081900",819,0.485798237,0.2548638132,
"25025082000",820,0.7319915254,0.3215189873,
"25025082100",821,0.590051458,0.4094827586,
"25025090100",901,0.6341935484,0.3185595568,
"25025090200",902,0.4018838305,0.3387096774,
"25025090300",903,0.5845238095,0.4807017544,
"25025090400",904,0.446835443,0.5159235669,
"25025090600",906,0.7958833619,0.1981132075,
"25025090700",907,0.4158838599,0.2523923445,
"25025090901",909.01,0.5879467414,,
"25025091001",910.01,0.5365402405,0.4760213144,
"25025091100",911,0.3511235955,0.2333696838,
"25025091200",912,0.4732461356,0.295154185,
"25025091300",913,0.5442477876,0.4025423729,
"25025091400",914,0.5049342105,0.4495575221,
"25025091500",915,0.5227513228,0.2692913386,
"25025091600",916,0.5069532238,0.55078125,
"25025091700",917,0.6377295492,0.5648148148,
"25025091800",918,0.4893832154,0.567251462,
"25025091900",919,0.4982817869,0.3164794007,
"25025092000",920,0.5045643154,0.3823953824,
"25025092101",921.01,0.5978050355,0.3440951572,
"25025092200",922,0.433106576,0.2503128911,
"25025092300",923,0.4952941176,0.2883116883,
"25025092400",924,0.5595886267,0.3154362416,
"25025100100",1001,0.6007827789,0.3099273608,
"25025100200",1002,0.5762711864,0.403892944,
"25025100300",1003,0.6323268206,0.4461325967,
"25025100400",1004,0.4204444444,0.2843373494,
"25025100500",1005,0.4873808188,0.4589861751,
"25025100601",1006.01,0.5339892665,0.2801843318,
"25025100603",1006.03,0.216066482,0.3472949389,
"25025100700",1007,0.1995305164,0.2307692308,
"25025100800",1008,0.5566101695,0.2445141066,
"25025100900",1009,0.2505800464,0.2354312354,
"25025101001",1010.01,0.6207243461,0.2901716069,
"25025101002",1010.02,0.6861555433,0.2350813743,
"25025101101",1011.01,0.5448275862,0.5444617785,
"25025101102",1011.02,0.6311349693,0.4475806452,
"25025110104",1101.04,0.5674418605,0.2830188679,
"25025110105",1101.05,0.2659732541,0.07871198569,
"25025110106",1101.06,0.623655914,0.2391304348,
"25025110201",1102.01,0.4980769231,0.3367088608,
"25025110301",1103.01,0.3571428571,0.3737796374,
"25025110401",1104.01,0.490625,0.3200531208,
"25025110403",1104.03,0.2614259598,0.2491987179,
"25025110501",1105.01,0.6330532213,0.1884984026,
"25025110502",1105.02,0.360953462,0.2472406181,
"25025110601",1106.01,0.6633906634,0.1308900524,
"25025110607",1106.07,0.2930800543,0.1665421957,
"25025120103",1201.03,0.3045685279,0.102189781,
"25025120104",1201.04,0.3259668508,0.06440071556,
"25025120105",1201.05,0.3577235772,0.2579462103,
"25025120201",1202.01,0.452891488,0.1947449768,
"25025120301",1203.01,0.3952049497,0.187283237,
"25025120400",1204,0.3789294817,0.2242424242,
"25025120500",1205,0.5405872193,0.08505747126,
"25025120600",1206,0.3239171375,0.2041139241,
"25025120700",1207,0.3252427184,0.3412017167,
"25025130101",1301.01,0.3713355049,0.2269736842,
"25025130200",1302,0.3869047619,0.1765988372,
"25025130300",1303,0.2748344371,0.1582733813,
"25025130402",1304.02,0.4951644101,0.1612702366,
"25025130404",1304.04,0.6560150376,0.1225658648,
"25025130406",1304.06,0.6918703809,0.2360097324,
"25025140102",1401.02,0.4756756757,0.2262723521,
"25025140105",1401.05,0.7073170732,0.236503856,
"25025140106",1401.06,0.4529616725,0.05660377358,
"25025140107",1401.07,0.3937677054,0.365119197,
"25025140201",1402.01,0.3477564103,0.2646239554,
"25025140202",1402.02,0.38125,0.2193645991,
"25025140300",1403,0.594997022,0.2624113475,
"25025140400",1404,0.5218687873,0.2401143402,
"25025160102",1601.02,0.4326171875,0.1587301587,
"25025160103",1601.03,0.6172465961,0.4235500879,
"25025160200",1602,0.5703634669,0.5447154472,
"25025160300",1603,0.5005988024,0.3507751938,
"25025160400",1604,0.4457917261,0.2287581699,
"25025160501",1605.01,0.6462948816,0.3262839879,
"25025160502",1605.02,0.592481203,0.1877394636,
"25025160601",1606.01,0.50795053,0.2361702128,
"25025160602",1606.02,0.6051032807,0.3873762376,
"25025170101",1701.01,0.6247689464,0.2213114754,
"25025170102",1701.02,0.6394736842,0.2082973207,
"25025170200",1702,0.6024096386,0.50456621,
"25025170301",1703.01,0.1622176591,0.3484132343,
"25025170302",1703.02,0.4523460411,0.1203703704,
"25025170400",1704,0.6073354908,0.3978001833,
"25025170502",1705.02,0.8556149733,0.4021164021,
"25025170503",1705.03,0.4444444444,0.4107526882,
"25025170504",1705.04,0.3894389439,0.3865740741,
"25025170601",1706.01,0.6142857143,0.3658340048,
"25025170701",1707.01,0.5873493976,0.4773413897,
"25025170702",1707.02,0.6605678233,0.6774193548,
"25025170800",1708,0.509391435,0.3555355536,
"25025180101",1801.01,0.4293040293,0.3643410853,
"25025180200",1802,0.6353135314,0.3160211268,
"25025180301",1803.01,0.4621848739,0.2256410256,
"25025180400",1804,0.4674220963,0.2833723653,
"25025180500",1805,0.5823389021,0.2802734375,
"25025980101",9801.01,,,
"25025980300",9803,,,
"25025980700",9807,,,
"25025980900",9809,0.1428571429,,
"25025981000",9810,0,,
"25025981100",9811,,,
"25025981201",9812.01,,,
"25025981202",9812.02,,,
"25025981300",9813,,0.1153846154,
"25025981501",9815.01,,,
"25025981502",9815.02,,,
"25025981600",9816,,,
"25025981700",9817,,,
"25025981800",9818,,0,
"25025981900",9819,,,
"25025990101",9901.01,,,
"25027700100",7001,0.6631578947,0.236830456,
"25027701101",7011.01,0.4838709677,0.2786234282,
"25027701102",7011.02,0.5052816901,0.2403100775,
"25027702201",7022.01,0.4901960784,0.1770623742,
"25027702202",7022.02,0.4838709677,0.2864864865,
"25027703100",7031,0.4919210054,0.2747631352,
"25027703200",7032,0.4479166667,0.3016605166,
"25027703300",7033,0.5921908894,0.2834917891,
"25027704201",7042.01,0.564516129,0.1746522411,
"25027704202",7042.02,0.1162790698,0.2238095238,
"25027705101",7051.01,0.1833333333,0.1636506688,
"25027705102",7051.02,0.4556962025,0.3363892807,
"25027706100",7061,0.3424657534,0.2082210243,
"25027707100",7071,0.6727642276,0.2820512821,
"25027707200",7072,0.4053738318,0.3373493976,
"25027707300",7073,0.3979057592,0.4111111111,
"25027707400",7074,0.5585412668,0.3599493029,
"25027707500",7075,0.4760432767,0.1684782609,
"25027708100",7081,0.5892420538,0.3203070482,
"25027709100",7091,0.4140127389,0.2106382979,
"25027709201",7092.01,0.5019206146,0.1821366025,
"25027709203",7092.03,0.4882571075,0.1618004866,
"25027709204",7092.04,0.3935361217,0.31738437,
"25027709400",7094,0.5772870662,0.3564231738,
"25027709501",7095.01,0.2,0.1997455471,
"25027709502",7095.02,0.6701388889,0.1904761905,
"25027709600",7096,0.4952978056,0.3662921348,
"25027709701",7097.01,0.3349633252,0.2170841362,
"25027709702",7097.02,0.378870674,0.3699421965,
"25027710100",7101,0.2684310019,0.4092485549,
"25027710200",7102,0.269541779,0.2654945055,
"25027710300",7103,0.3536895674,0.3234165067,
"25027710400",7104,0.7169811321,0.3785234899,
"25027710500",7105,0.499047619,0.2276923077,
"25027710601",7106.01,0.3859191656,0.6061776062,
"25027710602",7106.02,0.6290322581,0.4058295964,
"25027710700",7107,0.4534288639,0.625,
"25027710800",7108,0.6091703057,0.2386740331,
"25027711000",7110,0.6277372263,0.3993506494,
"25027711100",7111,0.5700934579,0.2645064054,
"25027712101",7121.01,0.4030808729,0.3321799308,
"25027712102",7121.02,0.1323529412,0.1700729927,
"25027713100",7131,0.5298804781,0.226044226,
"25027715100",7151,0,0.1922669492,
"25027716101",7161.01,0.2046979866,0.3568118628,
"25027716102",7161.02,0.2553191489,0.166061706,
"25027716200",7162,0.4133126935,0.1715481172,
"25027716300",7163,0.4324817518,0.2070063694,
"25027717100",7171,0.3630136986,0.2588744589,OKKU
"25027718100",7181,0.3907455013,0.185353208,OKKU
"25027719100",7191,0.4438902743,0.238723109,
"25027720100",7201,0.5161290323,0.1679873217,OKNI
"25027721101",7211.01,0.1044776119,0.2408376963,HDKU
"25027721103",7211.03,0.16,0.1179391682,
"25027721104",7211.04,0.552173913,0.2453333333,OKNI
"25027722100",7221,0.4352941176,0.1916252661,HDKU
"25027723100",7231,0.4688279302,0.1868732908,
"25027724100",7241,0.3588235294,0.2843822844,HDKU
"25027725100",7251,0.4391143911,0.1793357934,OKNI
"25027726100",7261,0.3463414634,0.1654068475,HDNI
"25027726200",7262,0.4675078864,0.2709854015,OKNI
"25027727100",7271,0.3081761006,0.1770691995,OKKU
"25027728100",7281,0.2477477477,0.1439139206,OKKU
"25027728200",7282,0.7272727273,0.2489177489,OKKU
"25027728300",7283,0.2152230971,0.1765489674,OKKU
"25027728400",7284,0.3595505618,0.2058298632,OKKU
"25027729100",7291,0.28125,0.2890961263,OKNI
"25027729200",7292,0.2857142857,0.164021164,OKNI
"25027730100",7301,0.4043824701,0.230989957,OKKU
"25027730200",7302,0.4466019417,0.256860099,OKKU
"25027730300",7303,0.3542319749,0.2317403066,OKKU
"25027730401",7304.01,0.5952515546,0.3021914648,OKKU
"25027730402",7304.02,0.6551724138,0.3307692308,OKNI
"25027730500",7305,0.5159728945,0.3457330416,OKKU
"25027730600",7306,0.5325153374,0.1946826758,OKKU
"25027730700",7307,0.5475638051,0.2051074179,OKKU
"25027730801",7308.01,0.6492753623,0.238480194,OKNI
"25027730802",7308.02,0.3389355742,0.2171189979,OKNI
"25027730901",7309.01,0.375,0.2657534247,OKKU
"25027730902",7309.02,0.46875,0.3026315789,OKNI
"25027731001",7310.01,0.3274111675,0.3013333333,OKKU
"25027731002",7310.02,0.6543037089,0.180874722,HDNI
"25027731101",7311.01,0.5606641124,0.3333333333,OKKU
"25027731102",7311.02,0.387888707,0.1929824561,OKKU
"25027731202",7312.02,,,
"25027731203",7312.03,0.5556068297,0.400862069,HDKU
"25027731204",7312.04,0.5094614265,0.3807106599,HDKU
"25027731300",7313,0.5212234707,0.4266666667,HDKU
"25027731400",7314,0.5921192758,0.6526315789,HDKU
"25027731500",7315,0.6310904872,0.6052631579,HDNI
"25027731601",7316.01,0.4994635193,0.3114035088,DKU
"25027731602",7316.02,0.6824925816,0,
"25027731700",7317,0.561123348,0.475308642,OKCQ
"25027731801",7318.01,0.3727714749,0.2333333333,
"25027731802",7318.02,0.6486286138,0.2577903683,OKNI
"25027731900",7319,0.5292646323,0.5352798054,OKKU
"25027732001",7320.01,0.4074662431,0.5762711864,HDNI
"25027732002",7320.02,0.5087719298,0.2954545455,OKNI
"25027732201",7322.01,0.2976694915,0.2260692464,OKNI
"25027732202",7322.02,0.4891975309,0.2658092176,OKKU
"25027732203",7322.03,0.4454638124,0.2675675676,OKKU
"25027732301",7323.01,0.6261980831,0.4692144374,OKNI
"25027732302",7323.02,0.6380133715,0.4318181818,OKKU
"25027732400",7324,0.4442231076,0.5394045534,OKKU
"25027732500",7325,0.6763888889,0.3522012579,OKKU
"25027732600",7326,0.5037945126,0.6241457859,OKKU
"25027732700",7327,0.4621276596,0.4144869215,OKKU
"25027732801",7328.01,0.2637021717,0.2078353254,OKKU
"25027732802",7328.02,0.4521008403,0.2844744455,HDKU
"25027732901",7329.01,0.525042206,0.2706863374,OKKU
"25027732902",7329.02,,,
"25027733000",7330,0.5370531822,0.4715719064,HDNI
"25027733101",7331.01,0.634057971,0.1287988423,OKKU
"25027733102",7331.02,0.5538057743,0.3621013133,HDKU
"25027735100",7351,0.25,0.2665424045,OKNI
"25027735200",7352,0.1795665635,0.2941979522,HDNI
"25027736100",7361,0.1538461538,0.2203208556,OKKU
"25027736200",7362,0.4106280193,0.2848885219,OKKU
"25027736300",7363,0.3903508772,0.2292746114,OKKU
"25027736400",7364,0.6715328467,0.2225405922,OKKU
"25027736500",7365,0.4851485149,0.204308094,OKNI
"25027737100",7371,0.1068493151,0.2179176755,OKKU
"25027737200",7372,0.5290806754,0.184,OKKU
"25027737300",7373,0.5020661157,0.281374502,OKKU
"25027738100",7381,0.3194278903,0.197301855,OKKU
"25027738201",7382.01,0.11328125,0.2386206897,OKNI
"25027738202",7382.02,0.5353016688,0.1786283892,OKNI
"25027739101",7391.01,0.6369863014,0.2199058507,OKNI
"25027739102",7391.02,0.2723214286,0.15266486,DNI
"25027739201",7392.01,0.4332313965,0.3419773096,OKNI
"25027739202",7392.02,0.2922755741,0.2502639916,
"25027739300",7393,0.3923541247,0.1881505204,DKU
"25027739401",7394.01,0.4533551555,0.1332948644,DKU
"25027739402",7394.02,0.02840909091,0.1675531915,
"25027739500",7395,0.798245614,0.2175097276,DNI
"25027740101",7401.01,0.5824742268,0.1966701353,OKNI
"25027740102",7401.02,0.2857142857,0.1581008321,OKNI
"25027740200",7402,0.4116022099,0.2467248908,OKKU
"25027741101",7411.01,0.3694267516,0.2084629745,
"25027741102",7411.02,0.2551440329,0.2552816901,
"25027742300",7423,0.2876857749,0.2680810029,DNI
"25027742401",7424.01,0.8064516129,0.200312989,DNI
"25027742402",7424.02,0.2680047226,0.2304038005,
"25027743100",7431,0.5416666667,0.2445611403,OKKU
"25027744102",7441.02,0.2545454545,0.2365714286,
"25027744103",7441.03,0.6328125,0.2152006832,
"25027744104",7441.04,0.7822878229,0.1596406358,
"25027744201",7442.01,0.8263665595,0.3418803419,
"25027744202",7442.02,0.2285368803,0.2849378882,
"25027744300",7443,0.6003490401,0.3214953271,
"25027744400",7444,0.5127478754,0.3701923077,
"25027745100",7451,0.4365079365,0.2537492501,OKKU
"25027746100",7461,0.5935828877,0.3392484342,OKNI
"25027747101",7471.01,0.6409335727,0.2427652733,OKKU
"25027747102",7471.02,0.4,0.1621112158,OKNI
"25027748100",7481,0.3142857143,0.1996303142,
"25027749100",7491,0.1098130841,0.2066936374,OKKU
"25027749200",7492,0.4015625,0.1996445498,OKNI
"25027750100",7501,0.32081142,0.2769347496,OKNI
"25027750200",7502,0.5230414747,0.1958213847,OKNI
"25027750300",7503,0.3730684327,0.369189907,OKKU
"25027751101",7511.01,0.2789473684,0.1231470924,OKKU
"25027751102",7511.02,0.25,0.2225352113,OKNI
"25027752101",7521.01,0.4004106776,0.1227030231,OKNI
"25027752102",7521.02,0.890625,0.127394636,HDKU
"25027753100",7531,0.4923599321,0.1549295775,OKKU
"25027753200",7532,0.6212121212,0.2985244041,HDNI
"25027754100",7541,0.3817787419,0.2271422714,OKKU
"25027754200",7542,0.5354906054,0.3469387755,OKNI
"25027754300",7543,0.4652301665,0.6547945205,OKKU
"25027754400",7544,0.5107604017,0.305588585,OKKU
"25027755100",7551,0.3853459973,0.3557483731,OKNI
"25027755201",7552.01,0.3880597015,0.3376941946,OKNI
"25027755202",7552.02,0.462295082,0.2848904268,
"25027756101",7561.01,0.4861337684,0.1018651363,OKKU
"25027756102",7561.02,0.06578947368,0.1571845368,OKKU
"25027757100",7571,0.458,0.3337378641,HDKU
"25027757200",7572,0.649550706,0.5022026432,HDKU
"25027757300",7573,0.5686113394,0.04666666667,OKKU
"25027757400",7574,0.4419642857,0.2693548387,OKKU
"25027757500",7575,0.5025041736,0.2787356322,OKKU
"25027758101",7581.01,0,0.2143808256,OKKU
"25027758103",7581.03,0.5263157895,0.2418006431,OKNI
"25027758104",7581.04,0.3177083333,0.2246127367,
"25027759100",7591,0.3742331288,0.2681940701,HDNI
"25027760100",7601,0.2433628319,0.3576583801,OKNI
"25027761100",7611,0.3029490617,0.2395973154,HDNI
"25027761200",7612,0.5046583851,0.169244768,DKU
"25027761300",7613,0.6933962264,0.224247949,
"25027761401",7614.01,0.2823529412,0.2249637155,
"25027761402",7614.02,0.8028169014,0.1768867925,
